Annual Distance (miles/vehicle),2020.0
LDVs,10921.311390805
HDVs,57894.388950263
aircraft,1184286.086567049
rail,32027.207496748
ships,0.0
motorbikes,0.0
