Annual Distance (miles/vehicle),2020.0
LDVs,10664.761066888
HDVs,61690.724917371
aircraft,847967.344757752
rail,32913.49182938
ships,0.0
motorbikes,0.0
