Annual Distance (miles/vehicle),2020.0
LDVs,12223.829620634
HDVs,16789.912144363
aircraft,1085936.211516622
rail,0.0
ships,208.880731648
motorbikes,2078.04026846
