Annual Distance (miles/vehicle),2020.0
LDVs,12135.992089661
HDVs,28978.575553543
aircraft,224698.50813141
rail,0.0
ships,221.776795911
motorbikes,2392.674401249
