Annual Distance (miles/vehicle),2020.0
LDVs,12101.634439979
HDVs,28874.422211274
aircraft,1218471.801460395
rail,0.0
ships,221.345207892
motorbikes,2385.344153497
