Annual Distance (miles/vehicle),2020.0
LDVs,10952.80145168
HDVs,58103.086379659
aircraft,218394.356630611
rail,32142.243783939
ships,0.0
motorbikes,0.0
