solar pv dist,Hour0,Hour1,Hour2,Hour3,Hour4,Hour5,Hour6,Hour7,Hour8,Hour9,Hour10,Hour11,Hour12,Hour13,Hour14,Hour15,Hour16,Hour17,Hour18,Hour19,Hour20,Hour21,Hour22,Hour23
Winter,0,0,0,0,0.0,0.0,0.003334684189197013,0.08259132750535518,0.22919006542001977,0.2951890233312108,0.3001099982631854,0.2969605743067214,0.3010247206623055,0.4293058530654779,0.42180281363978456,0.2767672089388062,0.06573264632663692,0.022381751867075788,0.0,0.0,0,0,0,0
Spring,0,0,0,0,0.000289469113645574,0.005195970589938056,0.177965611069299,0.3375354599664217,0.42049730793724305,0.4453627047993979,0.4446969258380131,0.4401956811208243,0.43291553291263823,0.5175418282869217,0.5001157876454583,0.46893996410583005,0.35831934232617396,0.20103629942685117,0.03252185491808023,0.000144734556822787,0,0,0,0
Summer,0,0,0,0,0.0006887368566049865,0.009596400202029478,0.2585059001790716,0.3872231660468034,0.44224558825780214,0.45488773589237375,0.45514792537153514,0.4572753569952705,0.45478059904801243,0.5363423481335231,0.5414083903454399,0.5186188530235548,0.4386488513399761,0.25374596323675713,0.07733749636499995,0.0013621684497298614,0,0,0,0
Fall,0,0,0,0,0.0,0.0,0.11209098251511648,0.2942961297504968,0.3794066927157233,0.39202374975442567,0.39385737050053493,0.3914125428390561,0.3954072166073651,0.48890004584051877,0.5059265241972452,0.4215363122394185,0.21584335639911814,0.07880203444587548,0.0013752155595817596,0.0,0,0,0,0
Summer Peak,0,0,0,0,0.0,0.002663115845539281,0.21438082556591215,0.37416777629826903,0.4766977363515313,0.49001331557922767,0.48069241011984026,0.4766977363515313,0.46071904127829566,0.5432756324900133,0.5725699067909454,0.3701731025299601,0.2623169107856192,0.1411451398135819,0.0013315579227696406,0.0,0,0,0,0
Winter Peak,0,0,0,0,0.0,0.0,0.0,0.013315579227696406,0.085219707057257,0.18908122503328895,0.17976031957390148,0.21438082556591215,0.23035952063914783,0.2396804260985353,0.25299600532623173,0.10519307589880161,0.0013315579227696406,0.0,0.0,0.0,0,0,0,0
