Unit: dimensionless (ratio of electricity demand in this hour to annual demand),Hour0,Hour1,Hour2,Hour3,Hour4,Hour5,Hour6,Hour7,Hour8,Hour9,Hour10,Hour11,Hour12,Hour13,Hour14,Hour15,Hour16,Hour17,Hour18,Hour19,Hour20,Hour21,Hour22,Hour23
Winter,0,0,0,0,0.0,0.0,2.1563408743654202e-05,0.02880871408152202,0.23148072847355725,0.4467226699196611,0.4858171299719062,0.4819483463945981,0.47618105870175953,0.5085384937650947,0.5261644240721574,0.4198358716545913,0.13604231356892899,0.007362979939868895,0.0,0.0,0,0,0,0
Spring,0,0,0,0,1.647390854328861e-05,0.029855142109560334,0.20069760975641118,0.48646085799330113,0.676138226539547,0.7502173752322417,0.7577981857806863,0.742657458421462,0.7414729442169349,0.7389910092639619,0.7372978129078297,0.7282186802872406,0.6437260123819505,0.38267603777587783,0.08068116799207968,1.1250474127123929e-05,0,0,0,0
Summer,0,0,0,0,7.393168712110007e-05,0.0812814611472912,0.39739969398710373,0.6771178213939018,0.7970197494037251,0.8361211740351917,0.8558227632450228,0.8543766755170398,0.8543521655555486,0.8557267324122945,0.8533476589370549,0.8267258227311012,0.7574960301898438,0.5769106519489036,0.23137122385871983,0.0024626484258979497,0,0,0,0
Fall,0,0,0,0,0.0,5.756975636479107e-05,0.06223593661751623,0.37782788703238235,0.6524047190232292,0.7073935323105713,0.6967988791471433,0.681822258528202,0.6769997309371386,0.6865344945860191,0.7165707574725543,0.6623612568871612,0.44421854206712996,0.11973782126954038,0.00012119948708377066,0.0,0,0,0,0
Summer Peak,0,0,0,0,0.0,0.00029572674848440044,0.2540292769481,0.6346296022475233,0.8143944994824782,0.8854058849622949,0.8819310956676033,0.8671447582433832,0.859271033564986,0.8715806594706492,0.8772364335354133,0.8285893834097294,0.721905958893982,0.44144610380008875,0.022881857163980484,0.0,0,0,0,0
Winter Peak,0,0,0,0,0.0,0.0,0.0,0.00011089753068165016,0.16205825816945144,0.44510572231258316,0.5127532160283897,0.5086130415496082,0.5005544876534083,0.4775247671151856,0.4265858346887476,0.3344669525358569,0.00036965843560550054,0.0,0.0,0.0,0,0,0,0
