solar pv,Hour0,Hour1,Hour2,Hour3,Hour4,Hour5,Hour6,Hour7,Hour8,Hour9,Hour10,Hour11,Hour12,Hour13,Hour14,Hour15,Hour16,Hour17,Hour18,Hour19,Hour20,Hour21,Hour22,Hour23
Winter,0,0,0,0,0.0,0.0,1.7254108293256735e-05,0.022498857095325828,0.1787390587029538,0.3425665668878861,0.3726859884794002,0.3706292487589359,0.36672506915339054,0.39198733423058313,0.4063812614998067,0.3236135540765946,0.10295926513851064,0.0049641819976483,0.0,0.0,0,0,0,0
Spring,0,0,0,0,1.2815551449701558e-05,0.02322521754554085,0.15612873756745807,0.37843260677921653,0.5259883655756754,0.5836167747007271,0.5895141163885691,0.5777356868830167,0.5768142174763407,0.5748834452493942,0.5735662566199053,0.5665033248989917,0.5007739243856005,0.29769525779494804,0.06276431951212619,8.752083916869357e-06,0,0,0,0
Summer,0,0,0,0,5.619154041865218e-05,0.06175384184315266,0.30548431787058344,0.5223532543470604,0.6158116854483088,0.6464992078248268,0.6628509460866551,0.6619522119784292,0.6621779697555232,0.6633242771800634,0.6617135632008863,0.6408979028605067,0.5875354412326969,0.447898141138454,0.18085842252994705,0.001993808069443001,0,0,0,0
Fall,0,0,0,0,0.0,4.478525376664999e-05,0.048415216440367934,0.29392373477562866,0.5075253526326321,0.5503028127593645,0.5420609117951293,0.5304101458836664,0.5266585558891926,0.5340759367603978,0.5574420536334923,0.5152708444156434,0.34557103226677693,0.09314767074994566,9.42847447718947e-05,0.0,0,0,0,0
Summer Peak,0,0,0,0,0.0,0.00023005477724342312,0.19761705365210047,0.49369755196438597,0.6335420996812318,0.6887840030668088,0.6860808594341986,0.6745781205720275,0.6684529121279212,0.6780289422306788,0.6824287398454592,0.6445847289889161,0.5615924680983513,0.3434142687301199,0.017800488389209862,0.0,0,0,0,0
Winter Peak,0,0,0,0,0.0,0.0,0.0,8.627054146628366e-05,0.12607001792939587,0.3462611965985072,0.3988862268929402,0.3956654600115323,0.389396467331649,0.37148095155381744,0.3318540161736378,0.2601919530623115,0.0002875684715542789,0.0,0.0,0.0,0,0,0,0
