solar pv,Hour0,Hour1,Hour2,Hour3,Hour4,Hour5,Hour6,Hour7,Hour8,Hour9,Hour10,Hour11,Hour12,Hour13,Hour14,Hour15,Hour16,Hour17,Hour18,Hour19,Hour20,Hour21,Hour22,Hour23
Winter,0,0,0,0,0.0,0.0,1.839948834908241e-05,0.023992399488700602,0.1906042996969163,0.3653071749122025,0.3974260150884143,0.39523274274535336,0.3910693918526833,0.4180086427290033,0.4333580825601607,0.34509600360886383,0.10979401352699772,0.005293719459507015,0.0,0.0,0,0,0,0
Spring,0,0,0,0,1.3666286636093818e-05,0.024766977949309245,0.16649303684688804,0.4035541113456644,0.5609050690811342,0.622359026843005,0.6286478519640583,0.6160875345732953,0.6151048952317538,0.6130459524866038,0.6116413248796647,0.6041095343228554,0.5340168167866519,0.31745717218640207,0.06693080546230164,9.333073800259193e-06,0,0,0,0
Summer,0,0,0,0,5.9921705351417794e-05,0.06585324921996874,0.3257632937011237,0.5570286481405828,0.6566911334423003,0.6894157866571884,0.7068530029144515,0.705894608109448,0.7061353523727131,0.7073577551618816,0.7056401171020141,0.6834426500755115,0.6265378263482274,0.4776309786274754,0.1928643533246931,0.0021261630981161904,0,0,0,0
Fall,0,0,0,0,0.0,4.775823478586964e-05,0.0516291653948296,0.3134352840266191,0.541216425323911,0.5868335830365909,0.578044559681208,0.5656203805812294,0.5616197486609562,0.5695295177780182,0.5944467483797193,0.5494760863505621,0.3685110858182055,0.099331095735478,0.00010054365218077819,0.0,0,0,0,0
Summer Peak,0,0,0,0,0.0,0.0002453265113210988,0.2107354732248239,0.526470693295078,0.6755985463643909,0.7345075748953698,0.731624988387347,0.719358662821292,0.7128268444573677,0.7230385604911085,0.7277304300201244,0.6873742189078037,0.5988726799487173,0.36621114977457025,0.01898213881347002,0.0,0,0,0,0
Winter Peak,0,0,0,0,0.0,0.0,0.0,9.199744174541204e-05,0.13443892820396214,0.3692470653521688,0.42536550481687013,0.42193093365837475,0.41524578622487485,0.3961409841557443,0.353883492580685,0.27746428430416276,0.0003066581391513735,0.0,0.0,0.0,0,0,0,0
